,n_files,n_unit,n_integration,protostar,forge,cairo_test
0,2,25,15,77.273757032,3.3387029710000036,1.5479168210000012
1,4,50,30,86.475329057,3.8963022989999843,1.747017201999995
2,6,75,45,94.27063126599998,4.61110567999998,2.0293501470000024
