,n_files,n_unit,n_integration,protostar,forge,cairo_test
0,2,25,15,77.561802675,3.4496754340000138,1.575791561999992
1,4,50,30,85.330191772,4.397506159000017,1.749192604000001
2,6,75,45,93.810210745,4.624989049000021,2.06278222200001
3,8,100,60,109.11647268500002,5.087686827000027,2.4306985929999883
4,10,125,75,136.06381189499996,5.094934997999985,2.96176573199989
5,12,150,90,159.12605214899997,5.142192720999901,3.500380760999974
6,14,175,105,188.140009534,7.065404755000031,4.106123414000081
